sent,brand,subject,recipients,opens,open_rate,click_rate,total_clicks,unsubscribes,test_send,broadcast_id
2026-10-02,World News,"48th State World News — Putin warns Russia would use ""all weapons,"" including nuclear arms, to defend Kaliningrad if attacked, Ethiopia and Eritrea sever diplomatic ties as Tigray fighting threatens to spread, and the US sends a third aircraft carrier and",31,13,41.9,6.5,2,0,,26205295
2026-10-02,Sports,"48th State Sports — A&rsquo;ja Wilson ends Caitlin Clark&rsquo;s season, the Browns stun the Steelers on a buzzer-beating field goal, and MLB&rsquo;s Division Series matchups are set",31,13,41.9,9.7,3,0,,26205003
2026-10-01,World News,"48th State World News — Ethiopian government forces capture a Tigray town as fighting kills at least 52 civilians, Pakistani airstrikes on Afghanistan kill nine civilians, Kabul says, and the US formally ends its 12-year military mission in Iraq",31,13,41.9,6.5,2,0,,26185923
2026-10-01,Sports,"48th State Sports — White Sox win a playoff series for the first time since 2005, the Penguins open with a record-setting 7-0 rout, and Caitlin Clark faces a win-or-go-home Game 3",31,12,38.7,9.7,3,0,,26185534
2026-09-30,World News,"48th State World News — Myanmar's military kills at least 50 in an airstrike on a Rakhine market, jihadist ambushes kill more than 50 Niger security forces in the Sahel, and Russia opens a renewed campaign against Kyiv's power grid, killing four",31,13,41.9,3.2,1,0,,26165175
2026-09-30,Sports,"48th State Sports — An 8-seed sweeps the WNBA&rsquo;s top team, Caitlin Clark makes WNBA history, and the Giants trade for a new QB after Jaxson Dart&rsquo;s season-ending knee injury",31,12,38.7,3.2,1,0,,26164888
2026-09-29,World News,"48th State World News — Russia's missile and drone barrage strikes Kyiv's National Academy of Sciences, over 100 Israeli settlers attack a West Bank village in a raid that draws rare government condemnation, and Thailand's flood death toll climbs to 23 as",31,14,45.2,3.2,1,0,,26145497
2026-09-29,Sports,"48th State Sports — MLB's playoffs and a new NHL season both open tonight, and two more NFL stars are lost for the year to torn ACLs",31,13,41.9,6.5,2,0,,26145093
2026-09-28,World News,"48th State World News — Serbia's Vučić resigns to run for prime minister in a snap election, Ethiopia's army pledges ""restraint"" as fears grow of a new civil war, and Category 3 Hurricane Polo makes landfall in Mexico's Baja California Sur",31,15,48.4,3.2,1,0,,26125454
2026-09-28,Sports,"48th State Sports — Team USA pulls off the biggest comeback in Presidents Cup history, and A&rsquo;ja Wilson turns in a stat line no one else in WNBA history has matched",31,13,41.9,6.5,2,0,,26124976
2026-09-27,World News,"48th State World News — Separate mass shootings kill at least 27 in South Africa, France says it will send troops to defend Saudi Arabia's Yanbu oil terminal from Houthi attacks, and UK counterterrorism police investigate explosives arrests near a base us",31,14,45.2,3.2,1,1,,26111490
2026-09-27,Sports,"48th State Sports — The AL West race comes down to a winner-take-all finale, and the NFL christens its first-ever game in Ireland",31,16,51.6,3.2,1,0,,26111160
2026-09-26,World News,"48th State World News — Ethiopian drone strikes on two Tigray schools are reported to have killed 14 civilians as war fears grow, the UN Security Council condemns Houthi attacks on Saudi Arabia in a rare show of unity, and the US proposes Ukraine-Russia t",31,14,45.2,3.2,1,0,,26101603
2026-09-26,Sports,"48th State Sports — The Internationals seize a historic Presidents Cup lead, and Pete Crow-Armstrong joins an exclusive 40-40 club",31,15,48.4,3.2,1,0,,26101411
2026-09-25,World News,"48th State World News — Ethiopian troops battle Tigray rebels near the Afar front as civil war fears grow, Yemen's widening conflict kills more than 150 in a day, and a Russian drone kills a child in Kyiv",31,13,41.9,3.2,1,0,,26087029
2026-09-25,Sports,"48th State Sports — The White Sox complete an unprecedented worst-to-playoffs turnaround, and Fury vs. Joshua is finally official",31,15,48.4,3.2,1,0,,26086709
2026-09-24,World News,"48th State World News — Trump and Xi extend the US-China trade truce to January as Tigray forces seize Ethiopian airports and declare ""the beginning of the war,"" and 51 nations press Russia for an unconditional Ukraine ceasefire",31,15,48.4,3.2,1,0,,26069801
2026-09-24,Sports,"48th State Sports — The Rays clinch the AL East in franchise-record time, and Jaxson Dart&rsquo;s rookie season ends in surgery",31,15,48.4,3.2,1,0,,26069542
2026-09-23,World News,"48th State World News — Xi Jinping arrives in Washington for his first US state visit since 2015 as a Houthi offensive in Yemen kills more than 670 and displaces over 150,000, and the EU delists two Russian oligarchs to save its wider sanctions regime",31,15,48.4,3.2,1,0,,26051795
2026-09-23,Sports,"48th State Sports — Aaron Donald&rsquo;s stunning NFL comeback is overshadowed by a scary Jaxson Dart injury, and Kawhi Leonard cashes in with a $115 million extension in Toronto",31,15,48.4,6.5,2,0,,26051447
2026-09-22,World News,"48th State World News — Zelensky and Trump meet in New York hours after Ukraine's biggest-ever drone strike on Moscow, the EU races to save its Russia sanctions list before a midnight deadline, and Ethiopia's government suspends Tigray TV as a rebel allia",30,12,40,0,0,0,,26033268
2026-09-22,World News,"48th State World News — Zelensky and Trump meet in New York hours after Ukraine's biggest-ever drone strike on Moscow, the EU races to save its Russia sanctions list before a midnight deadline, and Ethiopia's government suspends Tigray TV as a rebel allia",30,13,43.3,3.3,1,0,,26033230
2026-09-22,Sports,"48th State Sports — Braves complete a worst-to-first NL East title, and A&rsquo;ja Wilson makes WNBA scoring history",30,13,43.3,10,3,0,,26032793
2026-09-21,World News,"48th State World News — Seven Ethiopian armed factions unite in a bid to topple Abiy Ahmed's government, Germany's CDU suffers its worst state-election result since 1949 as the AfD surges, and Xi Jinping confirms his first US state visit in over a decade",30,18,60,3.3,1,0,,26026286
2026-09-21,World News,"48th State World News — Seven Ethiopian armed factions unite in a bid to topple Abiy Ahmed's government, Germany's CDU suffers its worst state-election result since 1949 as the AfD surges, and Xi Jinping confirms his first US state visit in over a decade",30,15,50,6.7,2,0,,26014530
2026-09-21,Sports,"48th State Sports — Ole Miss sends Lane Kiffin home to &ldquo;Callin&rsquo; Baton Rouge,&rdquo; and the Red Sox complete an all-time worst-to-postseason turnaround",30,17,56.7,3.3,1,0,,26014023
2026-09-20,World News,"48th State World News — Houthi rebels strike Riyadh's airport for the first time, North Korea fires two ballistic missiles toward Japan, and Bolivia scraps diesel subsidies under a new IMF loan",29,16,55.2,6.9,2,0,,26001010
2026-09-20,Sports,"48th State Sports — A 12-second knockout stuns UFC 331, and Jeremiah Smith rewrites the Ohio State record book",29,14,48.3,3.5,1,0,,26000771
2026-09-19,World News,"48th State World News — Sweden's prime minister resigns after a narrow election defeat, Ecuador declares a state of emergency over gang violence, and Nigeria orders prosecutions over 37 custody deaths",30,16,53.3,0,0,1,,25995680
2026-09-19,Sports,"48th State Sports — Kelsey Mitchell rewrites the WNBA record book, and the Braves punch their playoff ticket",30,12,40,0,0,0,,25995677
2026-09-19,Other,The Clipper Curse,25,14,56,0,0,0,,25994652
2026-09-19,World News,"48th State World News — Sweden's prime minister resigns after a narrow election defeat, Ecuador declares a state of emergency over gang violence, and Nigeria orders prosecutions over 37 custody deaths",30,17,56.7,3.3,1,0,,25990942
2026-09-19,Sports,"48th State Sports — Kelsey Mitchell rewrites the WNBA record book, and the Braves punch their playoff ticket",30,15,50,3.3,1,0,,25990740
2026-09-19,Other,The Kingdom That Bought the World.,30,18,60,10,3,0,,25987945
2026-09-19,Other,The Kingdom That Bought the World.,1,1,100,100,1,0,yes,25987928
2026-09-18,World News,"48th State World News — Houthi rebels complete their hold on the Bab el-Mandeb Strait as Saudi Arabia shuts a key oil pipeline, and at least 37 mining suspects die in Nigerian custody",30,16,53.3,3.3,1,0,,25976977
2026-09-18,Sports,"48th State Sports — Josh Allen's five-score night christens the Bills' new stadium, and the Dodgers clinch a fifth straight NL West",30,14,46.7,3.3,1,0,,25976638
2026-09-17,World News,"48th State World News — A major Russian barrage on Kyiv kills at least 10 and hits near the EU's diplomatic offices, as France, Lebanon and Jordan meet in Paris to shore up Lebanon's army",30,13,43.3,3.3,1,0,,25959907
2026-09-17,Sports,"48th State Sports — The Brewers clinch a historic fourth straight NL Central, and Ciryl Gane inherits the UFC heavyweight throne",30,12,40,3.3,1,0,,25959550
2026-09-16,World News,"StateForty8 World News — A gold mine collapse kills 60 in Sudan, a war-damaged building collapse kills 19 in Gaza, and the EU offers Canada associate-member status",29,17,58.6,6.9,2,0,,25942530
2026-09-16,Sports,"StateForty8 Sports — Shane Lowry romps to a record-breaking Irish Open win, and the NHL's contract-deadline scramble ends with two landmark extensions",28,17,60.7,3.6,1,0,,25942058
2026-09-15,World News,"D3vil World News — A Russian frigate fires flares at a Danish military helicopter over the Baltic in what Copenhagen calls reckless, suspected sabotage snarls the Dutch rail network on budget day, and Iran's security chief rejects US talks despite Trump's",26,16,61.5,7.7,2,0,,25924607
2026-09-15,Sports,"D3vil Sports — Patrick Mahomes returns from a torn ACL to rout the Broncos, and Cale Makar signs the richest contract in NHL history",25,15,60,8,2,0,,25924167
2026-09-14,World News,"D3vil World News — Zelensky moves to oust Ukraine's prosecutor general in an escalating anti-corruption standoff, and Austria bars Iran's nuclear chief from a UN meeting for the first time in years",1,1,100,100,1,0,yes,25916996
2026-09-14,Sports,"D3vil Sports — Team USA storms back to beat France for a fifth straight World Cup title, and Europe rallies from a tie to reclaim the Solheim Cup",1,1,100,0,0,0,yes,25916983
2026-09-14,Sports,"D3vil Sports — Caitlin Clark sets a Fever franchise record, the Fury-Joshua superfight teeters on collapse, and Wyndham Clark holds off McIlroy for the BMW title",25,13,52,4,1,0,,25905507
2026-09-14,Sports,"D3vil Sports — Team USA storms back to beat France for a fifth straight World Cup title, and Europe rallies from a tie to reclaim the Solheim Cup",25,11,44,4,1,0,,25904679
2026-09-13,Sports,"D3vil Sports — The Bills complete the biggest fourth-quarter comeback in NFL history, and Texas pulls off the same trick to shock No. 1 Ohio State",25,15,60,8,2,0,,25891432
2026-09-12,Sports,"D3vil Sports — Red Wings strip Dylan Larkin of the captaincy amid a trade standoff, and the Brewers clinch a playoff spot in the most lopsided clinching win in MLB history",25,12,48,12,3,0,,25881673
2026-09-11,Sports,"D3vil Sports — The 49ers rout the Rams in the NFL's first-ever Australia game, and Rutgers' Steve Pikiell reveals a cancer diagnosis",24,15,62.5,8.3,2,0,,25867273
2026-09-10,Sports,"D3vil Sports — The SEC calls off its vote to expel LSU, and the NFL plays its first-ever regular season game on Australian soil",24,12,50,8.3,2,0,,25849974
2026-09-09,Sports,"D3vil Sports — The SEC schedules a vote on expelling LSU, and LIV Golf's long-threatened bankruptcy finally becomes official",23,14,60.9,13,3,0,,25831779
2026-09-08,Sports,"D3vil Sports — Kawhi Leonard's trade to Toronto is finally closing, and Aaron Judge returns to the Yankees after 84 games out",22,14,63.6,18.2,4,0,,25813085
2026-09-07,Sports,"D3vil Sports — UNC's Belichick-era scandal deepens as GM Michael Lombardi resigns, and Pete Crow-Armstrong becomes the first Cub ever to reach 40-40",21,12,57.1,14.3,3,0,,25795948
2026-09-06,Sports,"D3vil Sports — NBA suspends Clippers owner Steve Ballmer and clears the path for a Kawhi Leonard trade, while Lane Kiffin's LSU debut turns into a 51-10 rout of Clemson",21,14,66.7,4.8,1,0,,25783275
2026-09-05,Sports,"D3vil Sports — Cathy Engelbert announces she's stepping down as WNBA commissioner, and Lane Kiffin's LSU era kicks off tonight against Clemson",21,13,61.9,9.5,2,0,,25773222
2026-09-04,Sports,"D3vil Sports — A judge clears LSU's ex-NFL recruits hours before Clemson, and Amen Thompson signs a $208 million extension in Houston",21,11,52.4,9.5,2,0,,25758247
2026-09-03,Sports,"D3vil Sports — NBA drops an unprecedented hammer on the Clippers over Kawhi Leonard's contract, and Tiger Woods reaches a plea deal in his DUI case",21,13,61.9,4.8,1,0,,25741705
2026-09-02,Sports,"D3vil Sports — Bill Belichick wins his college coaching debut in Dublin, and Yordan Alvarez chases a rare Triple Crown as September begins",21,13,61.9,9.5,2,0,,25723888
2026-09-01,Sports,"D3vil Sports — Cubs shatter the NL's home-run record in a nine-blast rout, and Joshua-Fury reportedly signs off on a Madison Square Garden date",21,14,66.7,9.5,2,0,,25705005
2026-08-31,Sports,"D3vil Sports — Aaron Donald comes out of retirement to join the Rams, and Scottie Scheffler runs down Viktor Hovland for a second FedEx Cup",21,12,57.1,9.5,2,0,,25685915
2026-08-30,Sports,"D3vil Sports — Filip Hrgović stuns unbeaten Moses Itauma for the heavyweight title, and an NAIA school pulls off college football's most improbable upset ever",21,11,52.4,4.8,1,0,,25672290
2026-08-29,Sports,"D3vil Sports — Cale Makar becomes the NHL's richest player ever, and a judge upends the SEC's eligibility crackdown right as college football kicks off",21,13,61.9,9.5,2,0,,25662790
2026-08-28,Sports,"D3vil Sports — Packers RB Josh Jacobs faces criminal charges, Connor Hellebuyck makes his Jets trade request official, and the defending-champion Aces lose NaLyssa Smith for the season",21,12,57.1,9.5,2,0,,25652622
2026-08-26,Sports,"D3vil Sports — Angel Reese shatters a 23-year rebounding record, the Big Ten and SEC slam the door on NFL-to-college returns, and Klay Thompson lands in Miami",21,15,71.4,9.5,2,0,,25615352
2026-08-25,Sports,"D3vil Sports — Cal Raleigh's first career 3-homer game snaps the Phillies' win streak, an NFL cut sends Dae'Quan Wright chasing a college return at LSU, and Fury-Joshua trends toward Madison Square Garden",20,16,80,15,3,0,,25598196
2026-08-24,Sports,"D3vil Sports — Caitlin Clark sets a Fever franchise record, the Fury-Joshua superfight teeters on collapse, and Wyndham Clark holds off McIlroy for the BMW title",17,13,76.5,17.6,3,0,,25578197
2026-08-23,Sports,"D3vil Sports — Zolani Tete is shot and killed, Teofimo Lopez wins a controversial title, and Kelsey Mitchell sets a scoring-streak record",17,12,70.6,17.6,3,0,,25566033
2026-08-22,Sports,"D3vil Sports — Nick Chubb retires, DeRozan lands with the Nuggets, and a federal court upends the NCAA eligibility fight",16,12,75,6.3,1,0,,25557750
2026-08-21,Sports,"D3vil Sports — Harden re-ups with Cleveland, Burrow says he's done waiting, and Neto's seven-RBI night stuns Houston",5,3,60,20,1,0,,25542847
2026-08-20,Sports,"D3vil Sports — Ogwumike announces retirement, Cavaliers land Peyton Watson in a four-team deal, and a 12-1 shot stuns York",1,1,100,0,0,0,yes,25528389
